Organisation,Website,Sector,Fund Currency,Fund Size (Min),Fund Size (Max),Country,Type,Crawl URLs,Description,Competition Available,
The Africa Enterprise Challenge Fund (AECF),https://www.aecfafrica.org/,"agriculture, energy",USD,100000,1500000,"Burundi, Cameroon, Congo, Ethiopia,Gambia, Ghana, IvoryCoast, Kenya, Tanzania, Liberia, Malawi, Mali, Mozambique, Nigeria, Rwanda, Senegal, Sierra Leone, Somalia, South Africa, South Sudan, Tanzania, Uganda, Zambia, Zimbabwe",,"https://www.aecfafrica.org/index.php/about-us/who-we-are
https://www.aecfafrica.org/portfolio/agribusiness
https://www.aecfafrica.org/agriculture/Seeds_for_Impact
https://www.aecfafrica.org/index.php/portfolio/renewable-energy
https://www.aecfafrica.org/index.php/portfolio/renewable_energy/react_ssa
https://www.aecfafrica.org/portfolio/renewable-energy/REACT-EEP
https://www.aecfafrica.org/index.php/portfolio/aecf_gender_lens_investment
https://www.aecfafrica.org/index.php/portfolio/competitions
","challenge fund aims reduce poverty supporting private sector businesses positive impact rural communities sub-saharan africa . specifically , supports businesses agriculture , agribusiness , rural financial services communications systems , renewable energy adaptations combat climate change . provides catalytic funding form repayable non-repayable grants businesses otherwise access adequate financing .",1,
Alliance for a green revolution in Africa (AGRA),https://agra.org/,agriculture,,,,"Burkina Faso, Ethiopia, ghana, Ghana, Kenya, Malawi, Mali, Mozambique, Nigeria, Rwanda, Tanzania, Uganda",,"https://agra.org/
https://agra.org/our-approach/
https://agra.org/grants/
https://agra.org/country-support-and-delivery/
https://agra.org/program-development-and-innovation/
https://agra.org/policy-and-strategic-partnerships/
https://agra.org/where-we-work/
https://agra.org/piata/
https://agra.org/wp-content/uploads/2017/12/agra-kenya-final.pdf
https://agra.org/wp-content/uploads/2018/01/agra-uganda-final.pdf
https://agra.org/wp-content/uploads/2017/12/agra-tanzania-final.pdf
https://agra.org/wp-content/uploads/2018/01/AGRA-Burkina-Faso-Operational-Plan-_03.11.2017-2.pdf
https://agra.org/wp-content/uploads/2018/01/AGRA-Burkina-Faso-Operational-Plan-_03.11.2017-2.pdf","agra aims invest projects can measurable impact can create meaningful , transformative change agriculture sector .",1,
Global Innovation Fund,https://globalinnovation.fund/,"Agriculture, Democracy, Human Rights, and Governance, Economic Growth and Trade, Education, Energy, Environment, Health, Housing and Infrastructure, Humanitarian Assistance, Water Sanitation and Hygiene (WASH)",USD,50000,15000000,,,"https://globalinnovation.fund/
https://globalinnovation.fund/who-we-are/about-us/
https://globalinnovation.fund/what-we-do/our-approach/
https://globalinnovation.fund/what-we-do/how-we-scale/
https://globalinnovation.fund/what-we-do/stages-of-funding/
https://globalinnovation.fund/what-we-do/types-of-financing/
https://globalinnovation.fund/what-we-do/the-water-innovation-engine/
https://globalinnovation.fund/gif-researchers/
https://globalinnovation.fund/investments/paga/
https://globalinnovation.fund/investments/onlinepajak/
https://globalinnovation.fund/investments/no-means-no-worldwide/
https://globalinnovation.fund/investments/idinsight/
https://globalinnovation.fund/investments/ideas42/
https://globalinnovation.fund/investments/talent-beyond-boundaries/",government-sponsored non-profit fund london investing social entrepreneurial ventures developing world,0,
Acumen Fund,https://acumen.org/,Economic Growth and Trade,USD,0,3000000,"AMERICA, EAST AFRICA, INDIA, LATIN AMERICA, PAKISTAN, WEST AFRICA, UK, USA, Colombia, Ghana, Sindh, India, KENYA",,"https://acumen.org/
https://acumen.org/about/
https://acumen.org/manifesto/
https://acumen.org/approach/
https://acumen.org/about/patient-capital/
https://acumen.org/companies/sectors/agriculture/
https://acumen.org/companies/sectors/education/
https://acumen.org/companies/sectors/energy/
https://acumen.org/companies/sectors/financial-inclusion/
https://acumen.org/companies/sectors/health/
https://acumen.org/companies/sectors/housing/
https://acumen.org/companies/sectors/water-sanitation/
https://acumen.org/companies/sectors/workforce-development/
https://acumen.org/regions/",,0,
Bamboo Loans,https://www.bambooloans.com/,,GBP,1000,8000,,,"https://www.bambooloans.com/s/guarantor-loans/',
'https://www.bambooloans.com/s/unsecured-loans/',
'https://www.bambooloans.com/s/debt-consolidation-loans/',
'https://www.bambooloans.com/s/find-a-guarantor/',



","bamboo finance commercial private equity firm specializing investing business models benefit low-income communities emerging markets offices luxembourg , geneva , bogota , nairobi singapore . bamboo finance uses market-oriented approach deliver social environmental value provide attractive financial returns investors .",0,
African Development Fund,https://www.afdb.org/en/about-us/corporate-information/african-development-fund-adf/,"Agriculture, Democracy, Human Rights, and Governance, Economic Growth and Trade, Education, Energy, Environment, Health, Housing and Infrastructure, Humanitarian Assistance, Water Sanitation and Hygiene (WASH)",,,,"Algeria, Angola, Benin, Botswana, Burkina Faso, Burundi, Cameroon, Cape Verde, Central African Republic, Chad, Comoros, Congo, Democratic Republic of Congo, Cï¿½te dï¿½Ivoire Djibouti, Egypt, Eritrea, Equatorial Guinea, eSwatini, Ethiopia, Gabon, Gambia, Ghana, Guinea, Guinea-Bissau, Kenya, Lesotho, Liberia, Libya, Madagascar, Malawi, Mali, Mauritania, Mauritius, Morocco, Mozambique, Namibia, Niger, Nigeria, Rwanda, Sï¿½o Tomï¿½ & Prï¿½ncipe, Senegal, Seychelles, Sierra Leone, Somalia, South Africa, South Sudan, Sudan, Tanzania, Togo, Tunisia, Uganda, Zambia, Zimbabwe",,"https://www.afdb.org/en/about-us/corporate-information/african-development-fund-adf/about-the-adf/',
'https://www.afdb.org/en/about-us/corporate-information/african-development-fund-adf/adf-recipient-countries/',
'https://www.afdb.org/en/about-us/corporate-information/african-development-fund-adf/adf-country-resources-allocation/',
'https://www.afdb.org/en/projects-and-operations/financial-products/african-development-fund/debt-sustainability-and-adf-grant-eligibility/',
'https://www.afdb.org/en/projects-and-operations/financial-products/african-development-fund/debt-sustainability-and-adf-grant-eligibility/enhanced-engagement-in-fragile-states/',
'https://www.afdb.org/en/projects-and-operations/financial-products/african-development-fund/debt-sustainability-and-adf-grant-eligibility/non-concessional-debt-accumulation-policy/'","adf contributes promotion economic social development 40 least african countries providing concessional funding projects programs , well technical assistance studies capacity-building activities .",0,
Willow Impact,http://www.willowimpact.com/,"
Education, Health, Agriculture, Democracy, Human Rights, and Governance, Environment",,,,"Dubai, Nairobi",,"http://www.willowimpact.com/impact/',
'http://www.willowimpact.com/impact/impact/impact-assessment.html',
'http://www.willowimpact.com/for-entrepreneurs/',
'http://www.willowimpact.com/about-us/company/policy-and-objectives.html',
'http://www.willowimpact.com/about-us/company/our-business.html'
","impact investment firm manages advises social enterprises , social impact funds . based dubai , presence nairobi . supports early-stage growth companies strong business fundamentals designed generate social environmental impact . offer access capital , expertise , networks active participation development ventures .",0,
Grayghost ventures,http://www.grayghostventures.com,,USD,1000000,5000000,,,"http://www.grayghostventures.com/about/philosophy.html',
'http://www.grayghostventures.com/about/initiatives/impactventures.html',
'http://www.grayghostventures.com/about/history.html',
'http://www.grayghostventures.com/portfolio/portfolioBusinessPlanSubmission.html'","seeks eliminate poverty strengthen communities catalytic , early-stage investments developing world focusing enabling technology , financial services , products services concentrated enhancing quality life large , underserved populations emerging markets",0,
Business/Partners Investing in Entrepreneurs (BPI),https://www.businesspartners.co.za/bpi,finance,USD,0,50000000,,,"https://www.businesspartners.co.za/en-za/finance-solutions/our-products',
'https://www.businesspartners.co.za/en-za/finance-solutions/our-finance-solutions',
'https://www.businesspartners.co.za/en-za/apply/what-you-need-to-apply',

",,0,
LGT Venture Philanthropy Foundation,https://www.lgtvp.com/en/,"Agriculture, Education, Energy, Health",,,,"Africa, Asia and Pacific, Europe and Eurasia, Latin America, Caribbean, North America, Middle East and North Africa",,"https://www.lgtvp.com/en/about-us/',
'https://www.lgtvp.com/en/what-we-do/approach/',
'https://www.lgtvp.com/en/what-we-do/impact/',
'https://www.lgtvp.com/en/what-we-do/sectors/',
'https://www.lgtvp.com/en/portfolio/who-we-support/',
'https://www.lgtvp.com/en/portfolio/portfolio-overview/'","seek support non-profit organizations for-profit companies philanthropic capital intelligent capital ( guidance ) . sectors : education , healthcare , energy , agriculture , information communication technologies . missions : 1 ) increase quality life disadvantaged people 2 ) build resilient , inclusive prosperous communities 3 ) contribute healthy ecosystems values : 1 ) impact orientation 2 ) long-term perspective 3 ) entrepreneurial approach 4 ) competence 5 ) collaboration ( see website details )",1,
Grofin,http://www.grofin.com/,"education, health, agriculture, manufacturing, water, energy, sanitation",USD,100000,1500000,"Africa, Middle East and North Africa",,"http://www.grofin.com/language/en/entrepreneurs/#section1_grofinmorethanfinance',
'http://www.grofin.com/language/en/about_grofin/',
'http://www.grofin.com/language/en/apply/'
","pioneering development financier specialising financing supporting small growing businesses ( ) across africa middle east approach achieve verifiable socioeconomic impact based real outcomes , creating jobs , providing support finance using in-depth knowledge challenges faced types businesses .",0,
Invested Development,http://investeddevelopment.com,,,,,,,"http://investeddevelopment.com/strategy/',
'http://investeddevelopment.com/investing/',
'http://investeddevelopment.com/current_portfolio/',

","invested development impact investment management firm focus seed-stage , for-profit sustainable social enterprises innovative technology solutions underserved populations . active sub-saharan africa .",0,
"Investisseurs &
Partenaires (I&P)",http://www.ietp.com/en,"Health, Agriculture, Transport, Workforce Development, Social & Microfinance",USD,360000,1800000,"Guinea, Ghana, Gambia, The Gabon, Congo, Democratic Republic of the Cameroon, Burkina Faso, Benin, Mauritius, Senegal, Namibia, Mauritania, Mali, Cote d'Ivoire, Togo, Madagascar",,"http://www.ietp.com/en/content/mission',
'http://www.ietp.com/en/content/impact-funds',
'http://www.ietp.com/en/content/about'


",,0,
Oikocredit,https://www.oikocredit.coop/,"Agriculture, agricultural services and processing, Construction and real estate, Education, Financial services, Health care, Manufacturing, Renewable energy, Trade",EUR,50000,10000000,"Africa, Asia, Europe, North America, Central America, South America",,"https://www.oikocredit.coop/what-we-do/what-we-do, https://www.oikocredit.coop/funding/loans/loans, https://www.oikocredit.coop/funding/loans/criteria, https://www.oikocredit.coop/funding/equity-investments/equity-investments,https://www.oikocredit.coop/funding/equity-investments/investment-criteria, https://www.oikocredit.coop/funding/equity-investments/equity-portfolio-overview/list?listpage=1, https://ea.oikocredit.coop/loans,https://ea.oikocredit.coop/equity, https://ea.oikocredit.coop/capacity-building,https://wa.oikocredit.coop/en/loans, https://wa.oikocredit.coop/en/equity, https://wa.oikocredit.coop/en/criteria","worldwide cooperative social investor , providing funding microfinance sector , fair trade organizations , cooperatives small medium enterprises agricultural cooperatives .",0,
Persistent Energy,https://persistent.energy/,"Distributed Energy Services Companies (DESCO), Enabling Technology",,,,,,"https://persistent.energy/,https://persistent.energy/venture-building-and-capital/, https://persistent.energy/investee/solarworks/, https://persistent.energy/investee/oolu/, https://persistent.energy/investee/peg-africa/, https://persistent.energy/investee/zonful-energy/, https://persistent.energy/investee/bos/, https://persistent.energy/investee/bboxx/, https://persistent.energy/investee/devergy/, https://persistent.energy/investee/catalyst/, https://persistent.energy/investee/altech/, https://persistent.energy/investee/mines/",pec invests incubates businesses commercial approach providing basic clean energy services low-income customers sub-saharan africa .,0,
Terra Bella Fund,http://www.terraglobalcapital.com/terra-bella-fund,"agriculture, climate",USD,5000,100000,Colombia,,"http://www.terraglobalcapital.com/terra-bella-fund, http://www.terraglobalcapital.com/terra-bella-colombia-fund-0,http://www.terraglobalcapital.com/colombia-fund-ta-facility,http://www.terraglobalcapital.com/apply-terra-bella-colombia-technical-assistance",terra bella fund frontier private equity fund provides project finance capital .,0,
CDC Group plc,https://www.cdcgroup.com/en/,"Financial services, Infrastructure, Health, Manufacturing , Food and agriculture, Construction and real estate, Education",USD,5000000,150000000,"Africa, South Asia",,"https://www.cdcgroup.com/en/,https://www.cdcgroup.com/en/how-we-invest/investment-strategy/where-we-invest/,https://www.cdcgroup.com/en/how-we-invest/investment-strategy/what-we-invest-in/,https://www.cdcgroup.com/en/how-we-invest/investment-strategy/products/, https://www.cdcgroup.com/en/how-we-invest/investment-strategy/ethos/, https://www.cdcgroup.com/en/our-investments/underlying/60dxchange-inc/, https://www.cdcgroup.com/en/our-investments/investment/14-trees/,https://www.cdcgroup.com/en/our-investments/underlying/72-magadi-road-hadada/, https://www.cdcgroup.com/en/our-investments/underlying/9x-media-private-ltd/, https://www.cdcgroup.com/en/our-investments/underlying/ab-bank-zambia/","development finance institution , owned department international development ( ) . invests primarily businesses africa south asia , supports sizes businesses , micro-level large enterprises .",0,
European Investment Bank (EIB),http://www.eib.org/en/index.htm,"Agriculture, Digital economy, Education, Energy, Forestry, Health, Transport, Water Sanitation and Hygiene (WASH), Environment",,,,ALL,,"http://www.eib.org/en/products/lending/index.htm, http://www.eib.org/en/products/lending/coinvestment-facilities/index.htm, http://www.eib.org/en/products/lending/microfinance/index.htm, http://www.eib.org/en/products/lending/loans/index.htm,
http://www.eib.org/en/products/lending/intermediated/index.htm, http://www.eib.org/en/products/lending/venture_capital/index.htm, http://www.eib.org/en/products/lending/venture-debt/index.htm, http://www.eib.org/en/products/lending/equity_funds/index.htm, http://www.eib.org/en/products/lending/equity_funds/infrastructure_equity_funds/index.htm, http://www.eib.org/en/products/lending/equity_funds/infrastructure_debt_funds/index.htm, http://www.eib.org/en/products/lending/equity_funds/environmental_funds/index.htm, http://www.eib.org/en/products/lending/equity_funds/acp_equity_funds/index.htm, http://www.eib.org/en/products/lending/equity_funds/med_equity_funds/index.htm, http://www.eib.org/en/projects/sectors/agriculture/index.htm, http://www.eib.org/en/projects/sectors/digital-economy/index.htm, http://www.eib.org/en/projects/sectors/education-and-training/index.htm, http://www.eib.org/en/projects/sectors/energy/index.htm, http://www.eib.org/en/projects/sectors/forestry/index.htm, http://www.eib.org/en/projects/sectors/health-and-life-science/index.htm, http://www.eib.org/en/projects/sectors/regional-development/index.htm,http://www.eib.org/en/projects/sectors/tens/index.htm, http://www.eib.org/en/projects/sectors/transport/index.htm, http://www.eib.org/en/projects/sectors/urban-development/index.htm, http://www.eib.org/en/projects/sectors/urban-development/city-call-for-proposal/index.htm, http://www.eib.org/en/projects/sectors/urban-development/city-call-for-proposal/index.htm","bank european union . primarily supports projects make contribution growth employment europe , though also operates parts world including africa .",0,
Netherlands Development Finance Company  (FMO),https://www.fmo.nl/,"Agriculture, Energy, Finance, Gender Equity, Environment, Training",EUR,0,10000000,"Africa, Asia, Latin America, Caribbean, Europe, Central Asia",,"https://www.fmo.nl/, https://www.fmo.nl/products-and-services, https://www.fmo.nl/impact, https://www.fmo.nl/impact/how-we-invest, https://www.fmo.nl/impact/how-we-measure-impact, https://www.fmo.nl/partner-with-us/massif, https://www.fmo.nl/aef, https://www.fmo.nl/infrastructure-development-fund, https://www.fmo.nl/partner-with-us/capacity-development
",,1,
Norges Bank Investment Management,https://www.nbim.no/en/,"Equities, Fixed income, Real Estate, Climate Change and Resilience, Water Management, Children's rights,  Human Rights, Tax, Ocean sustainability",,,,ALL,,"https://www.nbim.no/en/, https://www.nbim.no/en/the-fund/about-the-fund/, https://www.nbim.no/en/organisation/governance-model/, https://www.nbim.no/en/the-fund/responsible-investment/",norwegian,1,
Investmen Fund for Developing Countries,https://www.ifu.dk/en/frontpage-english/,All,DKK ,0,100000000,"Africa, Asia, Latin America, Europe",Venture Capital,"https://www.ifu.dk/en/frontpage-english/,https://www.ifu.dk/en/about-ifu/, https://www.ifu.dk/en/services/, https://www.ifu.dk/en/services/invest-with-ifu/, https://www.ifu.dk/en/services/the-investment-process/, https://www.ifu.dk/en/the-difference-we-make/, https://www.ifu.dk/en/the-difference-we-make/sustainability/, https://www.ifu.dk/en/the-difference-we-make/cases/, https://dcif.ifu.dk/en/frontpage/, https://daf.ifu.dk/en/frontpage/, https://aif.ifu.dk/en/frontpage/, https://iip.ifu.dk/en/forside-2/, https://dbf.ifu.dk/en/forside/",". invests enterprises low income countries promote business development contribute economic growth poverty alleviation . â€™ s geographic focus eastern southern africa , well selected countries asia central america . focuses supporting small medium sized companies .",1,
Proparco,https://www.proparco.fr/en,"AGRICULTURE, FINANCE, CLIMATE, ENERGY, EDUCATION, INDUSTRY AND SERVICES, INFRASTRUCTURE, MICROFINANCE, HEALTH",EUR,1000000,100000000,"AFRICA, LATIN AMERICA, CARRIBEAN, ASIA, MEDITERRANEAN AND MIDDLE EAST",Venture Capital,"https://www.proparco.fr/en, https://www.proparco.fr/en/financial-institution-working-private-sector-and-sustainable-development, https://www.proparco.fr/en/page-thematique-axe/investment-funds, https://www.proparco.fr/en/financial-instruments, https://www.proparco.fr/en/investment-and-support-fund-businesses-africa, https://www.proparco.fr/en/are-scale",,0,
The Swiss Investment Fund for Emerging Markets (SIFEM),https://www.sifem.ch/,"manufacturing, transport, storage, communication, wholesale and retail trade, renewable energy, health, education.",USD,7250000,7250000,"Africa, Asia, Latin America, Eastern Europe",Venture Capital,"https://www.sifem.ch/, https://www.sifem.ch/about-us/, https://www.sifem.ch/about-us/strategic-objectives/, https://www.sifem.ch/our-task/, https://www.sifem.ch/our-task/investment-principles/, https://www.sifem.ch/our-task/investment-cycle/, https://www.sifem.ch/our-task/instruments/, https://www.sifem.ch/our-task/investing-responsibly/, https://www.sifem.ch/our-task/investing-responsibly/, https://www.sifem.ch/investments/portfolio/show/acceso-crediticio/, https://www.sifem.ch/investments/portfolio/show/cooperativa-pacifico/, https://www.sifem.ch/investments/portfolio/show/ethos-mezzanine-partners-iii/, https://www.sifem.ch/investments/portfolio/show/social-investment-fund-60/, https://www.sifem.ch/investments/portfolio/show/frontier-energy-ii/, https://www.sifem.ch/investments/portfolio/show/south-asia-growth-fund-ii/","switzerland . mission promote longterm , sustainable broad-based growth developing emerging countries . focuses exclusively developing transitioning economies invests countries whose per capita world bank â€™ s graduation threshold .",1,
International Finance Corporation (IFC),https://www.ifc.org/wps/wcm/connect/corp_ext_content/ifc_external_corporate_site/home,ALL,,,,"Asia and Pacific, East Asia, Europe, Central Asia, Middle East and North Africa, Latin America and the Caribbean,South Asia,Sub-Saharan Africa, Western Europe",Venture Capital,"https://www.ifc.org/wps/wcm/connect/region__ext_content/IFC_External_Corporate_Site/East+Asia+and+the+Pacific, https://www.ifc.org/wps/wcm/connect/REGION__EXT_Content/IFC_External_Corporate_Site/Europe+and+Central+Asia, https://www.ifc.org/wps/wcm/connect/REGION__EXT_Content/IFC_External_Corporate_Site/Middle+East+and+North+Africahttps://www.ifc.org/lac, https://www.ifc.org/lac, https://www.ifc.org/southasia, https://www.ifc.org/africa, https://www.ifc.org/westerneurope, https://www.ifc.org/wps/wcm/connect/CORP_EXT_Content/IFC_External_Corporate_Site/Solutions/Products+and+Services/Loans/, https://www.ifc.org/wps/wcm/connect/CORP_EXT_Content/IFC_External_Corporate_Site/Solutions/Products+and+Services/Equity/, https://www.ifc.org/wps/wcm/connect/CORP_EXT_Content/IFC_External_Corporate_Site/Solutions/Products+and+Services/TSCF/, https://www.ifc.org/wps/wcm/connect/Topics_Ext_Content/IFC_External_Corporate_Site/Sustainability-At-IFC, https://www.ifc.org/wps/wcm/connect/news_ext_content/ifc_external_corporate_site/news+and+events/news/impact-stories/philippines-sustainable-farming, https://www.ifc.org/wps/wcm/connect/news_ext_content/ifc_external_corporate_site/news+and+events/news/impact-stories/bosnia-and-herzegovina-second-chances, https://www.ifc.org/wps/wcm/connect/news_ext_content/ifc_external_corporate_site/news+and+events/news/impact-stories/planting-climate-resilient-future-niger https://www.ifc.org/wps/wcm/connect/REGION__EXT_Content/IFC_External_Corporate_Site/Europe+and+Central+Asia, https://www.ifc.org/wps/wcm/connect/REGION__EXT_Content/IFC_External_Corporate_Site/Middle+East+and+North+Africahttps://www.ifc.org/lac, https://www.ifc.org/lac, https://www.ifc.org/southasia, https://www.ifc.org/africa, https://www.ifc.org/westerneurope, https://www.ifc.org/wps/wcm/connect/CORP_EXT_Content/IFC_External_Corporate_Site/Solutions/Products+and+Services/Loans/, https://www.ifc.org/wps/wcm/connect/CORP_EXT_Content/IFC_External_Corporate_Site/Solutions/Products+and+Services/Equity/, https://www.ifc.org/wps/wcm/connect/CORP_EXT_Content/IFC_External_Corporate_Site/Solutions/Products+and+Services/TSCF/, https://www.ifc.org/wps/wcm/connect/Topics_Ext_Content/IFC_External_Corporate_Site/Sustainability-At-IFC, https://www.ifc.org/wps/wcm/connect/news_ext_content/ifc_external_corporate_site/news+and+events/news/impact-stories/philippines-sustainable-farming, https://www.ifc.org/wps/wcm/connect/news_ext_content/ifc_external_corporate_site/news+and+events/news/impact-stories/bosnia-and-herzegovina-second-chances, https://www.ifc.org/wps/wcm/connect/news_ext_content/ifc_external_corporate_site/news+and+events/news/impact-stories/planting-climate-resilient-future-niger","ifc makes investments inclusive businesses constructed asset management company part initiative . additionally ifc developed environment , social governance standards impact investments must comply .",0,
Credit Suisse,https://www.credit-suisse.com/international/en.html,,,,,"Europe, Middle East,Asia and Pacific, Africa, Americas",Venture Capital,"https://www.credit-suisse.com/international/en.html, https://www.credit-suisse.com/corporate/en/about-us.html, https://www.credit-suisse.com/in/en/entrepreneurs/integrated-platform.html, https://www.credit-suisse.com/in/en/entrepreneurs/global-network.html, https://www.credit-suisse.com/corporate/en/responsible-investing.html","credit suisse global financial services company specializes private banking wealth management services , well investment banking . branch sustainable products services focus environmental social themes .",0,
Bill and Melinda Gates Foundation,https://www.gatesfoundation.org/,"Agriculture, Economic Growth and Trade, Education, Gender equality, Health, Humanitarian Assistance, Water Sanitation and Hygiene (WASH), Digital Finance",USD,0,250000,"Africa, Asia and Pacific, Europe, Americas",Venture Capital,"https://www.gatesfoundation.org/, https://www.gatesfoundation.org/What-We-Do, https://www.gatesfoundation.org/What-We-Do/Global-Health/Discovery-and-Translational-Sciences, https://www.gatesfoundation.org/What-We-Do/Global-Health/Enteric-and-Diarrheal-Diseases, https://www.gatesfoundation.org/What-We-Do/Global-Health/Enteric-and-Diarrheal-Diseases, https://www.gatesfoundation.org/What-We-Do/Global-Health/HIV, https://www.gatesfoundation.org/What-We-Do/Global-Health/Malaria, https://www.gatesfoundation.org/What-We-Do/Global-Health/Maternal-Newborn-and-Child-Health-Discovery-and-Tools, https://www.gatesfoundation.org/What-We-Do/Global-Health/Neglected-Tropical-Diseases, https://www.gatesfoundation.org/What-We-Do/Global-Health/Pneumonia, https://www.gatesfoundation.org/What-We-Do/Global-Health/Tuberculosis, https://www.gatesfoundation.org/What-We-Do/Global-Health/Vaccine-Development-and-Surveillance, https://www.gatesfoundation.org/What-We-Do/Global-Development/Emergency-Response, https://www.gatesfoundation.org/What-We-Do/Global-Development/Family-Planning, https://www.gatesfoundation.org/What-We-Do/Global-Development/Global-Libraries, https://www.gatesfoundation.org/What-We-Do/Global-Development/Integrated-Delivery, https://www.gatesfoundation.org/What-We-Do/Global-Development/Maternal-Newborn-and-Child-Health, https://www.gatesfoundation.org/What-We-Do/Global-Development/Nutrition, https://www.gatesfoundation.org/What-We-Do/Global-Development/Polio, https://www.gatesfoundation.org/What-We-Do/Global-Development/Vaccine-Delivery,https://www.gatesfoundation.org/What-We-Do/Global-Growth-and-Opportunity/Agricultural-Development， https://www.gatesfoundation.org/What-We-Do/Global-Growth-and-Opportunity/Financial-Services-for-the-Poor，https://www.gatesfoundation.org/What-We-Do/Global-Growth-and-Opportunity/Gender-Equality, https://www.gatesfoundation.org/What-We-Do/Global-Growth-and-Opportunity/Water-Sanitation-and-Hygiene, https://www.gatesfoundation.org/What-We-Do/US-Program/K-12-Education, https://www.gatesfoundation.org/What-We-Do/US-Program/Economic-Mobility-and-Opportunity, https://www.gatesfoundation.org/What-We-Do/US-Program/Postsecondary-Success, https://www.gatesfoundation.org/What-We-Do/US-Program/Washington-State, https://www.gatesfoundation.org/What-We-Do/Global-Policy/Tobacco-Control, https://www.gatesfoundation.org/What-We-Do/Global-Policy/Development-Policy-Finance, https://www.gatesfoundation.org/What-We-Do/Global-Policy/Philanthropic-Partnerships, https://www.gatesfoundation.org/What-We-Do/Global-Policy/Global-Education-Learning-Strategy, https://www.gatesfoundation.org/How-We-Work",,1,
Calvert Foundation,https://www.calvertimpactcapital.org/,"
Housing, Community Development, Education, Environmental Sustainability, Health, Microfinance, Renewable Energy, Small Business, Sustainable Agriculture",,,,"Central America, Caribbean, East Asia, Asia and Pacific, Europe, Middle East & North Africa, North America, Russia & Independent State, South America, South Asia, Sub-Saharan Africa",Venture Capital,"https://www.calvertimpactcapital.org/, https://www.calvertimpactcapital.org/portfolio/sectors,https://www.calvertimpactcapital.org/portfolio/list/race-llc, https://www.calvertimpactcapital.org/portfolio/sdgs, https://www.calvertimpactcapital.org/portfolio/list/advance-trade-growth-offshore-fund-ltd, https://www.calvertimpactcapital.org/portfolio/list/aeon, https://www.calvertimpactcapital.org/portfolio/list/affordable-homes-of-south-texas, https://www.calvertimpactcapital.org/portfolio/list/african-local-currency-bond-fund,

","calvert foundation community development finance institution enables individual investors invest social environmental causes . lends established organizations loan funds , microfinance institutions sustainable social enterprises .",0,
DOEN Foundation,https://www.doen.nl/home-1.htm,"Sustainable energy, International Culture and Media, Socially inclusive initiatives, Circular Entrepreneurship, Social Entrepreneurship and Inclusion, Sustainable Food",,,,,Venture Capital,"https://www.doen.nl/home-1.htm, https://www.doen.nl/what-we-do.htm, https://www.doen.nl/how-we-do-it/financial-instruments.htm, https://www.doen.nl/applications/criteria.htm, https://www.doen.nl/applications/applications.htm, https://www.doen.nl/what-we-do/green/sustainable-food-system/herenboeren-1.htm, https://www.doen.nl/what-we-do/socially-inclusive/social-entrepreneurship-inclusion/koeckebackers-4.htm, https://www.doen.nl/what-we-do/creative/international-culture-and-media/cultural-caravan-of-peace-1.htm
","doen organization provides financing via subsidies , participations , loans guarantees , primarily enterprises start-up phase . doen active globally engaged small number investments africa .",1,
Lundin Foundation,http://www.lundinfoundation.org/,"EDUCATION AND SKILLS TRAINING, LOCAL SUPPLIER DEVELOPMENT, ECONOMIC DIVERSIFICATION, SOCIAL AND ENVIRONMENTAL INNOVATION",USD,250000,250000,"
Argentina, Chile, Ecuador, USA, Norway, Ethiopia, Kenya, Botswana, Portuga, Norway",Venture Capital,http://www.lundinfoundation.org/， http://www.lundinfoundation.org/the-foundation， http://www.lundinfoundation.org/our-challenge， http://www.lundinfoundation.org/strategic-pillars， http://www.lundinfoundation.org/education-and-skills-training， http://www.lundinfoundation.org/local-procurement， http://www.lundinfoundation.org/economic-diversification， http://www.lundinfoundation.org/social-and-environmental-innovation， http://www.lundinfoundation.org/new-page， http://www.lundinfoundation.org/resource-development-sdg,"foundation private foundation invests scalable sustainable social enterprises , provides grants enable early stage business innovations validate concepts refine business models . operate primarily africa , including botswana , faso , central african republic , cote d â€™ ivoire , drc , ghana , kenya , lesotho , mali , mauritania , niger zambia .",0,
Omidyar Network,https://www.omidyar.com/,"Democracy, Human Rights, and Governance, Economic Growth and Trade, Education",,,,"Africa, Asia and Pacific, Europe and Eurasia, Latin America, Caribbean,North America, Middle East and North Africa",Venture Capital,"https://www.omidyar.com/, https://www.omidyar.com/our-work/digital-identity, https://www.omidyar.com/education, https://www.omidyar.com/our-work/emerging-tech, https://www.omidyar.com/our-work/financial-inclusion, https://www.omidyar.com/our-work/governance-citizen-engagement, https://www.omidyar.com/our-work/impact-investing, https://www.omidyar.com/our-work/property-rights, https://www.omidyar.com/our-work/tech-and-society-solutions-lab, https://www.omidyar.com/spotlight/how-omidyar-network-evolving-meet-todays-challenges, https://www.omidyar.com/spotlight/how-can-we-increase-scalable-solutions-allow-every-young-child-thrive, https://www.omidyar.com/spotlight/how-can-user-centered-technology-be-deployed-edtech, https://www.omidyar.com/investees/pymwymic, https://www.omidyar.com/investees/elevar-equity, https://www.omidyar.com/investees/global-impact-investing-network, https://www.omidyar.com/investees/bridges-fund-management","network seeks advance entrepreneurship creating social good . operates active impact investor , providing financial non-financial support emerging businesses well profit ventures .",1,
Rockefeller Foundation,https://www.rockefellerfoundation.org,"Health, Food, Water, Power, Job creation, Resilient Cities, Innovation, Co-impact",USD,30000,10000000,"Africa, Asia and Pacific, Europe and Eurasia, Latin America, Caribbean, North America, Middle East and North Africa",Venture Capital,"https://www.rockefellerfoundation.org, https://www.rockefellerfoundation.org/our-work/, https://www.rockefellerfoundation.org/our-work/topics/health/, https://www.rockefellerfoundation.org/our-work/topics/food/, https://www.rockefellerfoundation.org/our-work/topics/power/, https://www.rockefellerfoundation.org/our-work/topics/jobs/, https://www.rockefellerfoundation.org/our-work/topics/resilientcities/, https://www.rockefellerfoundation.org/our-work/topics/innovation/, https://www.rockefellerfoundation.org/our-work/topics/co-impact/, https://www.rockefellerfoundation.org/changing-work/",,1,
Skoll Foundation,http://skoll.org/,"Economic Opportunity, Education, Environmental Sustainability, Health, Peace and Human Rights, Sustainable Markets",USD,1250000,1500000,ALL,Venture Capital,"http://skoll.org/, http://skoll.org/about/approach/, http://skoll.org/about/programs/, http://skoll.org/about/skoll-awards/, http://skoll.org/about/issue-areas/, http://skoll.org/issue-areas/economic-opportunity/, http://skoll.org/issue-areas/education/, http://skoll.org/issue-areas/environmental-sustainability/, http://skoll.org/issue-areas/health/,http://skoll.org/issue-areas/peace-human-rights/, http://skoll.org/issue-areas/sustainable-markets/",foundation cultivates social entrepreneurship focus models can spark large-scale change . also engages developing strengthening field social entrepreneurship .,1,
Tony Elumelu Foundation,http://tonyelumelufoundation.org/,"Agriculture, Youth, Economic Growth and Trade, Communications and Media, Resilience, Social Impact Investing, Talent Management",USD,5000,5000,Africa,Angel Investor,"http://tonyelumelufoundation.org/, http://tonyelumelufoundation.org/about-us, http://tonyelumelufoundation.org/programmes, http://tonyelumelufoundation.org/programmes/7pillars, http://tonyelumelufoundation.org/alumni/entrepreneurs","tony foundation philanthropic organization focused supporting entrepreneurship continent enhancing competitiveness private sector . foundation engages impact investing , grant making policy development .",1,
Accion International,https://www.accion.org/,,USD,300000,500000,"Asia, Latin America, sub-Saharan Africa, USA",Angel Investor,"https://www.accion.org/, https://www.accion.org/about/, https://www.accion.org/how-we-work/, https://www.accion.org/how-we-work/advise/, https://www.accion.org/how-we-work/invest/, https://www.accion.org/how-we-work/invest/accion-global-investments/, https://www.accion.org/how-we-work/invest/accion-venture-lab, https://www.accion.org/how-we-work/invest/accion-frontier-investments, https://www.accion.org/students-and-shop-owners-benefit-from-tech-and-touch-in-latin-america, https://www.accion.org/subbah-was-skeptical-about-online-lending-now-hes-changed-his-mind, https://www.accion.org/two-african-startups-where-inclusive-fintech-comes-with-a-human-touch, https://www.accion.org/how-we-work/influence/","accion global non-profit organization vision build financially inclusive world . invests accion gateway fund , accion â€™ s bridge guarantee program , venture lab frontier investments group .",1,
Agri-Vie,http://agrivie.com/,"Food, energy, agriculture, forestry, health",USD,6000000,6000000,Sub-Sahara Africa,Angel Investor,"http://agrivie.com/, http://agrivie.com/about-agri-vie/, http://agrivie.com/investment-approach/investment-focus/, http://agrivie.com/investment-approach/transaction-parameters/, http://agrivie.com/investment-approach/investment-criteria/, http://agrivie.com/investment-approach/investment-process/, http://agrivie.com/investment-approach/investment-period/, http://agrivie.com/investment-approach/partnership-commitment/,http://agrivie.com/investment-approach/black-economic-empowerment/， http://agrivie.com/investors-list/#investor-178",private equity investment fund focused food agribusiness sub-saharan africa .,0,
AlphaMundi Group Ltd,https://www.alphamundi.ch/,sustainable development,USD,250000,2000000,"Latin America, East Africa",Angel Investor,"https://www.alphamundi.ch/, https://www.alphamundi.ch/portfolio-1, https://www.alphamundi.ch/copy-of-investment-strategy, https://www.alphamundi.ch/impact, https://www.alphamundi.ch/copy-of-impact","impact investing scalable ventures sustainable human development sectors uganda , kenya , tanzania , malawi .",0,
Ariya Capital,https://www.ariyacapital.com/,CLEAN ENERGY,,,,,Angel Investor,"https://www.ariyacapital.com/, https://ariyafinergy.com/, https://www.walvisbaypowerplant.com/",ariya capital private equity venture capital firm focusing sustainable investments frontier markets small mid-market opportunities . invest startups can consider investments early stage companies .,0,
BlueOrchard Impact Investment Managers,http://www.blueorchard.com/,"Financial inclusion (poverty) Education, Climate ",USD,3000000,15000000,,Venture Capital,"http://www.blueorchard.com/, http://www.blueorchard.com/about-us/, http://www.blueorchard.com/investment-expertise/, http://www.blueorchard.com/investment-expertise/what-we-do/, http://www.blueorchard.com/investment-expertise/credit/, http://www.blueorchard.com/investment-expertise/private-equity/,http://www.blueorchard.com/investment-expertise/sustainable-infrastructure/, http://www.blueorchard.com/impact-investing/concept/, http://www.blueorchard.com/impact-investing/financial-inclusion/, http://www.blueorchard.com/impact-investing/education/, http://www.blueorchard.com/impact-investing/climate/, http://www.blueorchard.com/impact-investing/social-performance-management/","manages microfinance fund invests microfinance institutions emerging frontier markets support expanding outreach , improving quality financial services , encourage development new products savings , insurance payment services .",0,
Catalyst Principal Partners,https://www.catalystprincipal.com/,"Financial inclusion (poverty) Education, Climate ",USD,5000000,20000000,East Africa,Angel Investor,"https://www.catalystprincipal.com/, https://www.catalystprincipal.com/fund/, https://www.catalystprincipal.com/company/, https://www.catalystprincipal.com/sustainability/",catalyst principal partners manages eastern private equity fund invest growing regional businesses . also actively pursues replacement capital investments provide exits existing shareholders seeking liquidity .,0,
Developing World Markets (DWM),https://www.dwmarkets.com/,"Climate, infrastructure, energy, gender equality, education, health",USD,8000000,8000000,"South Asia, South East Asia, East Asia, South America, Central America, Caucasus and Central Asia, Eastern Europe, Middle East, africa",Venture Capital,"https://www.dwmarkets.com/, https://www.dwmarkets.com/our-investments/, https://www.dwmarkets.com/our-financing-at-work/, https://www.dwmarkets.com/wp-content/uploads/2019/01/dwm-2018-impact-report-1.pdf",asset manager investment bank .,0,
DOB Equity,http://www.dobequity.nl/,,,,,"Kenya, Tanzania, Uganda, Rwanda, Burundi, East Africa",Venture Capital,"http://www.dobequity.nl/, http://www.dobequity.nl/impact/, http://www.dobequity.nl/portfolio-overview/, http://www.dobequity.nl/project/ten-senses-africa/, http://www.dobequity.nl/project/kentaste-is-the-largest-producer-and-seller-of-coconut-oil-milk-and-cream-products-in-kenya/, http://www.dobequity.nl/project/sarura-commodities/, http://www.dobequity.nl/project/sendy/",dob equity invests growth capital financially sustainable african businesses .,0,
Gawa Capital,http://www.gawacapital.com/,"Financial Sector & Investment, Social & Micro finance",EUR,1000000,3500000,"Latin America, Asia, Sub-Saharan Africa",Venture Capital,"http://www.gawacapital.com/, http://www.gawacapital.com/Investment-funds,http://www.gawacapital.com/Investment-funds/GAWA-Microfinance-Fund, http://www.gawacapital.com/Investment-funds/GAWA-Microfinance-Fund/investment-approach, http://www.gawacapital.com/Investment-funds/GAWA-Microfinance-Fund/gawa-investment-targets, http://www.gawacapital.com/Investment-funds/portfolio, http://www.gawacapital.com/impact-stories/impact-results, http://www.gawacapital.com/impact-stories/final-clients-are-saying","gawa capital advises two funds â€“ gawa microfinance fund global financial inclusion fund â€“ manage capital support growth sustainable social enterprises underserved markets . portfolio includes nine investments latin america , asia subsaharan africa , one ghana .",0,
Grassroots Business Fund,http://www.gbfund.org/,Economic Growth and Trade,USD,750000,2500000,"Africa, Kenya, Tanzania, Mozambique, Rwanda, Asia, India, Indonesia, Latin America, Bolivia, Peru, Colombia, Ecuador, Paraguay",Venture Capital,"http://www.gbfund.org/, http://www.gbfund.org/#section-what-we-do-new, http://www.gbfund.org/africa-investees-new/,http://www.gbfund.org/asia/, http://www.gbfund.org/latin-america/, http://www.gbfund.org/investment-guidelines/, http://www.gbfund.org/our-approach/, http://www.gbfund.org/our-impact/, http://www.gbfund.org/brazafric/, http://www.gbfund.org/alamanda/, http://www.gbfund.org/alquimia/","hybrid model , partnering businesses provide longterm investment capital business advisory services .",0,
Heart Capital,https://www.heartcapital.co.za/,Social and environmental development,,,,South Africa,,"https://www.heartcapital.co.za/, https://www.heartcapital.co.za/our-story, https://www.heartcapital.co.za/legacy-gallery, https://www.heartcapital.co.za/our-founders",heart capital impact investing company forms social innovation hubs . active south africa â€™ s townships .,0,
Ignite Fund,http://www.ignite-fund.org/,,EUR,0,500000,"Burundi, Kosovo, Liberia, OPT, Rwanda, Somalia, South Sudan",Venture Capital,"http://www.ignite-fund.org/, https://www.spark-online.org/results/all-projects/, https://www.spark-online.org/projects/agri-business-creation-abc/,https://www.spark-online.org/projects/agri-business-incubation-network-program-abin/, https://www.spark-online.org/projects/boosting-your-beliefs/, https://www.spark-online.org/projects/business-startup-incubators-support-bsis/, https://www.spark-online.org/projects/capacity-building-gaziantep-chamber/, https://www.spark-online.org/projects/cooperatives-support-programme-csp-2/","ignite fund invests small growing businesses ( ) fragile states . active burundi , ivory coast , libya , liberia , mali , rwanda , south sudan , somalia .",0,
Injaro Agricultural Capital Holdings Ltd.,https://www.iachl.com/,agriculture,USD,1300000,1300000,"West Africa, Ghana, Mali, Burkina Faso, Niger, Sierra Leone, Liberia, Guinea and Côte d'Ivoire",Venture Capital,"https://www.iachl.com/, https://www.iachl.com/parent.php?root=about&link=overview, https://www.iachl.com/parent.php?root=approach&link=strategy, https://www.iachl.com/parent.php?root=approach&link=criteria, https://www.iachl.com/parent.php?root=approach&link=faqs, https://www.iachl.com/parent.php?root=portfolio&link=impact, https://www.iachl.com/parent.php?root=portfolio&link=profiles",makes investments small-and enterprises along agricultural value chain designated countries west africa . private company formed laws mauritius managed investments limited ( â€œ â€ ) .,0,
International Housing Solutions (IHS),http://www.ihsinvestments.co.za/,"housing, infrastructure",,,,South Africa,Venture Capital,"http://www.ihsinvestments.co.za/, http://www.ihsinvestments.co.za/investments/, http://www.ihsinvestments.co.za/overview/, http://www.ihsinvestments.co.za/investors/, http://www.ihsinvestments.co.za/developers/, http://www.ihsinvestments.co.za/funds/",ihs private equity firm focused development residential housing . company invests community-centered affordable housing projects south africa neighbouring countries .,0,
LeapFrog Investments,https://www.leapfroginvest.com/,"financial services, healthcare ",USD,10000000,50000000,"Africa, Asia",Venture Capital,"https://www.leapfroginvest.com/, https://www.leapfroginvest.com/about-leapfrog/, https://www.leapfroginvest.com/new-ambition/, https://www.leapfroginvest.com/invest-and-build/, https://www.leapfroginvest.com/partner-companies/, https://www.leapfroginvest.com/apollo/, https://www.leapfroginvest.com/arm-life/, https://www.leapfroginvest.com/arm-pensions/, https://www.leapfroginvest.com/ascent-meditech/, https://www.leapfroginvest.com/cignifi-company/, https://www.leapfroginvest.com/enterprise-group/",fund invests businesses focused financial services emerging consumer asia africa .,0,
Mergence Investment Managers,http://www.mergence.co.za/,"education, infrastructure, environment, energy, sustainable heating, water, transport, technology.",,,,South Africa,Venture Capital,"http://www.mergence.co.za/, http://www.mergence.co.za/expertise/listed-investments/our-listed-investment-products/specialist-equity-2/specialist-equity/objective-2/, http://www.mergence.co.za/expertise/listed-investments/our-listed-investment-products/specialist-equity-2/mergence-esg-equity-fund/objective-2/, http://www.mergence.co.za/expertise/listed-investments/our-listed-investment-products/specialist-equity-2/mergence-capi-fund/objective/, http://www.mergence.co.za/expertise/listed-investments/our-listed-investment-products/multi-asset-class/mergence-domestic-cpi-4-fund/objective/, http://www.mergence.co.za/convictions/impact-investing/uplifting-communities/, http://www.mergence.co.za/convictions/infrastructure/world-wide-need-for-infrastructure/, http://www.mergence.co.za/convictions/responsible-investing/investing-clients-money-responsibly/",,0,
Microvest Capital Management,https://microvestfund.com/,"microfinance, SME",,,,"Latin America, Caribbean, Africa, Asia and Pacific, Europe",Venture Capital,"https://microvestfund.com/, https://microvestfund.com/what-we-do/, https://microvestfund.com/impact/","capital management intermediary low-income finance institutions , including microfinance institutions . seeks invest capital under-banked markets provide access financial services rising middle class communities .",0,
Moringa Partnership,https://www.moringapartnership.com/,agroforestry,EUR,4000000,10000000,"Latin America, Sub-Saharan Africa",Venture Capital,"https://www.moringapartnership.com/, https://www.moringapartnership.com/agroforestry/, https://www.moringapartnership.com/targets/, https://www.moringapartnership.com/sustainability/, https://www.moringapartnership.com/comafruits/, https://www.moringapartnership.com/b-bovid/, https://www.moringapartnership.com/jus-delice/, https://www.moringapartnership.com/moringa/, https://www.moringapartnership.com/agroforestry-technical-assistance-facility/, https://www.moringapartnership.com/submission-selection-process-for-focused-financing-solutions/","moringa partnership investment advisor moringa , sca ( moringa fund ) .",0,
Novastar Ventures Limited,http://www.novastarventures.com/,innovative businesses,,,,Africa,Venture Capital,"http://www.novastarventures.com/,http://www.novastarventures.com/about-us/ http://www.novastarventures.com/what-novastar-looks-for-in-entrepreneurs/， http://www.novastarventures.com/portfolio/",venture catalyst firm assisting entrepreneurs designing executing innovative business models profitably serve east africa â€™ s aspiring mass market .,0,
Pearl Capital Partners,http://pearlcapital.net/,agriculture,USD,0,2500000,East Africa,Venture Capital,"http://pearlcapital.net/, http://pearlcapital.net/index.php/about-pearl-capital, http://pearlcapital.net/index.php/our-investments/uganda, http://pearlcapital.net/index.php/our-investments/tanzania, http://pearlcapital.net/index.php/our-investments/rwanda, http://pearlcapital.net/index.php/our-investments/ethiopia, http://pearlcapital.net/index.php/our-investments/kenya, http://pearlcapital.net/index.php/prospective-investees, http://pearlcapital.net/index.php/technical-assistance, http://pearlcapital.net/index.php/sustainability","specialist agriculture investment firm invests small medium sized agribusinesses mauritius , uganda kenya . two funds : african agricultural capital fund african seed investment fund .",0,
Phatisa Fund Managers Limited,https://www.phatisa.com/,"agriculture, food, housing",,,,Africa,Venture Capital,"https://www.phatisa.com/, https://www.phatisa.com/about-us/, https://www.phatisa.com/food-and-housing/, https://www.phatisa.com/food-and-housing/food-fund-1/, https://www.phatisa.com/food-and-housing/food-fund-2-phatisa-food-fund/, https://www.phatisa.com/food-and-housing/housing-fund/",private equity fund manager invests throughout sub-saharan africa two sector-specific funds management african agriculture fund ( ) pan african housing fund ( ) .,0,
Regional MEME Investment Fund for Sub-Saharan Africa,http://www.regmifa.com/,"finance, education",,,,Sub-Saharan Africa,Venture Capital,"http://www.regmifa.com/, http://www.regmifa.com/investment-fund/background, http://www.regmifa.com/investment-fund/organizational-structure, http://www.regmifa.com/investment-fund/investment-approach, http://www.regmifa.com/investment-fund/investors,http://www.regmifa.com/ta-facility， http://www.regmifa.com/ta-facility/approach， http://www.regmifa.com/ta-facility/ta-areas-and-operational-info， http://www.regmifa.com/ta-facility/project-examples","financial vehicle fosters micro , small medium enterprises ( ) sub-saharan africa .",1,
responsAbility,https://www.responsability.com/en,"agriculture, finance, energy",USD,500000,30000000,,Venture Capital,"https://www.responsability.com/en, https://www.responsability.com/en/about, https://www.responsability.com/en/about/portrait-figures, https://www.responsability.com/en/responsability-sicav-lux-agriculture-fund, https://www.responsability.com/en/investment-products/responsability-micro-and-sme-finance-fund, https://www.responsability.com/en/investment-products/responsability-sicav-lux-micro-and-sme-finance-debt-fund, https://www.responsability.com/en/investment-products/responsability-agriculture-i-slp, https://www.responsability.com/en/investment-products/responsability-sicav-lux-micro-and-sme-finance-leaders, https://www.responsability.com/en/investment-products/global-climate-partnership-fund-sa-sicav-sif-gcpf, https://www.responsability.com/en/investment-products/responsability-energy-access-fund, https://www.responsability.com/en/sectors/energy, https://www.responsability.com/en/sectors/agriculture, https://www.responsability.com/en/sectors/finance, https://www.responsability.com/en/agribusinesses, https://www.responsability.com/en/agribusinesses-0, https://www.responsability.com/en/energy-access-companies-africa-and-asia-pacific, https://www.responsability.com/en/renewable-energy-project-developers-sub-saharan-africa,https://www.responsability.com/en/renewable-energy-projects， https://www.responsability.com/en/financial-institutions， https://www.responsability.com/en/financial-institutions-active-financing-energy-efficiency-or-renewable-energy-projects-0， https://www.responsability.com/en/capital-financing/technical-assistance","responsability social investment company provides financing non-listed companies business models target populations . asset managers specialize development-related sectors emerging economies including finance , agriculture , energy , healthcare education .",0,
Root Capital,https://rootcapital.org/,"Agriculture, Economic Growth and Trade, Financial Sector & Investment",,,,"Africa, Latin America, Caribbean",Venture Capital,"https://rootcapital.org/, https://rootcapital.org/about-us/, https://rootcapital.org/our-impact/, https://rootcapital.org/impact_areas/livelihoods, https://rootcapital.org/impact_areas/women, https://rootcapital.org/impact_areas/environment, https://rootcapital.org/impact_areas/youth, https://rootcapital.org/impact_areas/peace, https://rootcapital.org/impact_areas/food-security, https://rootcapital.org/our-impact/how-we-measure-and-manage-impact/, https://rootcapital.org/our-impact/systems-change/, https://rootcapital.org/meet-our-clients/,https://rootcapital.org/meet-our-clients/stories/aprocam-building-opportunities-indigenous-cocoa-producers-peruvian-amazon/，https://rootcapital.org/meet-our-clients/stories/shalem-investments-overcoming-barriers-for-women-farmers-in-kenya/,https://rootcapital.org/meet-our-clients/stories/maya-ixil-strengthening-economic-opportunities-for-indigenous-farmers-in-guatemala/， https://rootcapital.org/request-a-loan/, https://rootcapital.org/request-a-loan/, https://rootcapital.org/how-to-apply-for-a-loan/, https://rootcapital.org/how-to-apply-for-a-loan/advisory-services/","non-profit social investment fund generates rural prosperity poor , environmentally vulnerable regions africa latin america . root capital began working africa 2005 loans several coffee cooperatives . east africa now root capital â€™ s largest african portfolio , clients coffee growing areas , including cocoa , nuts , honey , fresh vegetables , spices .",1,
Sarona Asset Management,https://www.saronafund.com/,"information and communication technology, education, healthcare, financial services, transportation and logistics, light manufacturing and consumer goods",USD,40000000,500000000,,Venture Capital,"https://www.saronafund.com/, https://www.saronafund.com/about-us/, https://www.saronafund.com/approach/, https://www.saronafund.com/approach/strategy/, https://www.saronafund.com/approach/process/, https://www.saronafund.com/responsible-investment/, https://www.saronafund.com/responsible-investment/values-reports/, https://www.saronafund.com/portfolios/, https://www.saronafund.com/investees/",private equity firm partners local fund managers deploy growth capital companies frontier emerging markets ., countries defined by the World Bank as Low and Middle Income,0
Social Venture Capital Fund (SOVEC),http://www.sovec.nl/homepage/,"Education, Housing, Health, Clean Energy",,,,africa,Venture Capital,"http://www.sovec.nl/, http://www.sovec.nl/homepage/,http://www.sovec.nl/real-business/， http://www.sovec.nl/smes/， http://www.sovec.nl/essential-services/， http://www.sovec.nl/portfolio/, http://www.sovec.nl/real-people/, http://www.sovec.nl/real-impact/, http://www.sovec.nl/investors-in-africa/","fund invests local entrepreneurs . focus countries ghana , zimbabwe kenya .",1,
Symbiotics,https://symbioticsgroup.com/,"job creation, food, agriculture, housing, and energy",,,,"Africa, Latin America, Eastern Europe, South-East Asia, Central Asia",Venture Capital,"https://symbioticsgroup.com/,https://symbioticsgroup.com/investment-advisory/, https://symbioticsgroup.com/mission/, https://symbioticsgroup.com/asset-management/, https://symbioticsgroup.com/capacity-building/","investment company specialized emerging , sustainable inclusive finance offers market research , investment advisory asset management services . specializes microfinance investment sme impact investment services .",0,
The Investment Fund For Health In Africa,http://www.ifhafund.com/,"Care provisioning, Health insurance, Healthcare products manufacturing, Wholesale and distribution of healthcare products",,,,Sub-Saharan Africa,Venture Capital,"http://www.ifhafund.com/, http://www.ifhafund.com/index.php?page=home, http://www.ifhafund.com/index.php?page=about-us, http://www.ifhafund.com/index.php?page=investment, http://www.ifhafund.com/index.php?page=sourcelink-healthcare-pty-limited, http://www.ifhafund.com/index.php?page=er-corporate-administration, http://www.ifhafund.com/index.php?page=Aar-healthcare, http://www.ifhafund.com/index.php?page=hygeia-nigeria-limited-2, http://www.ifhafund.com/index.php?page=ciel-healthcare-limited, http://www.ifhafund.com/index.php?page=carepay-limited, http://www.ifhafund.com/index.php?page=hello-doctor-pty-limited, http://www.ifhafund.com/index.php?page=alias-14, http://www.ifhafund.com/index.php?page=pyramid-pharma-limited, http://www.ifhafund.com/index.php?page=strategis-insurance-tanzania-limited, http://www.ifhafund.com/index.php?page=5-1-7-kampala-hospital, http://www.ifhafund.com/index.php?page=hygeia-nigeria-limited, http://www.ifhafund.com/index.php?page=esd-impact",private equity fund dedicated small medium size investments private healthcare companies africa .,0,
Treetops Capital,http://www.treetopscapital.com/,"AQUACULTURE & SUSTAINABLE FISHERIES, SUSTAINABLE AGRICULTURE, MICROFINANCE",,,,,Venture Capital,"http://www.treetopscapital.com, http://www.treetopscapital.com/what-we-do, http://www.treetopscapital.com/projects, http://www.treetopscapital.com/another-page, http://www.treetopscapital.com/strategy, http://www.treetopscapital.com/principals-of-responsible-investing, http://www.treetopscapital.com/something-else",treetops capital global investment manager agricultural assets green real estate . treetops also co-manages microfinance fund .,0,
Triodos Investment Management,https://www.triodos-im.com/,"Energy, Climate, Inclusion Fiance, Sustainable Food, Agriculture ",USD,1000000,50000000,,Venture Capital,"https://www.triodos-im.com/, https://www.triodos-im.com/funds, https://www.triodos-im.com/funds/triodos-sustainable-pioneer-fund, https://www.triodos-im.com/funds/triodos-sustainable-equity-fund, https://www.triodos-im.com/funds/triodos-sustainable-mixed-fund, https://www.triodos-im.com/funds/triodos-sustainable-bond-fund, https://www.triodos-im.com/funds/triodos-microfinance-fund, https://www.triodos-im.com/funds/triodos-fair-share-fund, https://www.triodos-im.com/funds/triodos-sustainability-finance-real-economies-fund, https://www.triodos-im.com/funds/triodos-organic-growth-fund, https://www.triodos-im.com/funds/triodos-renewables-europe-fund, https://www.triodos-im.com/funds/triodos-groenfonds, https://www.triodos-im.com/funds/triodos-multi-impact-fund, https://www.triodos-im.com/funds/triodos-vastgoedfonds, https://www.triodos-im.com/looking-for-funding, https://www.triodos-im.com/looking-for-funding-energy-and-climate, https://www.triodos-im.com/looking-for-funding-inclusive-finance, https://www.triodos-im.com/looking-for-funding-sustainable-food-and-agriculture

",investment management manages 18 sustainable investment funds .,0,
UFF Management,https://uff.co.za/,agriculture,,,,africa,Venture Capital,"https://uff.co.za/, https://uff.co.za/our-approach/, https://uff.co.za/projects/blackstar-zambia/, https://uff.co.za/projects/bonathaba-zwartfontein-farms/, https://uff.co.za/projects/brandwacht-farms/, https://uff.co.za/projects/de-riviere-farms/, https://uff.co.za/projects/eastern-cape-boerbokke/, https://uff.co.za/projects/eshowe-farms/, https://uff.co.za/responsible-investment/",uff specialized investment management company dedicated focus agricultural development africa . uff acts dedicated investment advisor asset management old mutual african agricultural fund ( sa ) . old mutual african agricultural fund ( ) invests farmland infrastructure .,0,
Unique Venture Capital (UVC) Management Company Limited,https://www.uvcmc.com/,"Agriculture, Poultry, Fisheries, Piggery, Services, Cash Movement, Leisure & Tourism, Manufacturing",NGN,0,200000000,Nigeria,Venture Capital,"https://www.uvcmc.com/, https://www.uvcmc.com/our_company.htm, https://www.uvcmc.com/our_services.htm, https://www.uvcmc.com/investment_process.htm, https://www.uvcmc.com/investment_segments.htm","private venture capital investment firm established 5 major nigerian banks . manages two funds provides financing advisory services nigeria , liberia sierra leone .",0,
